component1,component2
"1,2-HEXANEDIOL",PENTYLENE GLYCOL
"1,2-HEXANEDIOL",CAPRYLYL GLYCOL
"2-BROMO-2-NITROPROPANE-1,3-DIOL",PHENOXYETHANOL
"2-BROMO-2-NITROPROPANE-1,3-DIOL",POTASSIUM SORBATE
"2-BROMO-2-NITROPROPANE-1,3-DIOL",CAPRYLYL GLYCOL
3-O-ETHYL ASCORBIC ACID,SODIUM ASCORBYL PHOSPHATE
3-O-ETHYL ASCORBIC ACID,MAGNESIUM ASCORBYL PHOSPHATE
ACETAMIDE MEA,GLYCERIN
ACETAMIDE MEA,SODIUM PCA
ACETAMIDE MEA,PROPYLENE GLYCOL
ACETYL HEXAPEPTIDE-8,PALMITOYL TRIPEPTIDE1
ACRYLATES COPOLYMER,BIOSACCHARIDE GUM4
ACRYLATES/BEHENETH-25 METHACRYLATE COPOLYMER,ACRYLATES C10 30 ALKYL METHACRYLATE COPOLYMER
ACRYLATES/BEHENETH-25 METHACRYLATE COPOLYMER,ACRYLATES ETHYLHEXYL ACRYLATE COPOLYMER
ACRYLATES/BEHENETH-25 METHACRYLATE COPOLYMER,LAURYL ACRYLATE CROSSPOLYMER
ACRYLATES/C10-30 ALKYL ACRYLATE CROSSPOLYMER,CARBOMER
ACRYLATES/ETHYLHEXYL ACRYLATE COPOLYMER,POLYQUATERNIUM11
ACRYLATES/ETHYLHEXYL ACRYLATE COPOLYMER,HYDROXYETHYLCELLULOSE
ACRYLATES/ETHYLHEXYL ACRYLATE COPOLYMER,VP VA COPOLYMER
ACRYLATES/OCTYLACRYLAMIDE COPOLYMER,PVP
ACRYLATES/OCTYLACRYLAMIDE COPOLYMER,HYDROXYETHYLCELLULOSE
ACRYLATES/OCTYLACRYLAMIDE COPOLYMER,POLYQUATERNIUM11
ADANSONIA DIGITATA SEED OIL,SYNTHETIC JOJOBA OIL
ALBUMEN,HYALURONIC ACID
ALBUMEN,HAMAMELIS VIRGINIANA BARK LEAF EXTRACT
ALCOHOL,ISOPROPYL ALCOHOL
ALGIN,XANTHAN GUM
ALLANTOIN,SYMPHYTUM OFFICINALE ROOT EXTRACT
ALLIUM CEPA BULB EXTRACT,ALOE BARBADENSIS EXTRACT
ALLIUM CEPA BULB EXTRACT,CHAMOMILLA RECUTITA FLOWER EXTRACT
ALOE BARBADENSIS EXTRACT,SEA CUCUMBER EXTRACT
ALOE BARBADENSIS LEAF EXTRACT,GLYCERIN
ALOE BARBADENSIS LEAF EXTRACT,HYALURONIC ACID
ALOE BARBADENSIS LEAF JUICE,CALENDULA OFFICINALIS FLOWER OIL
ALPHA-ARBUTIN,KOJIC ACID
ALPHA-ARBUTIN,NIACINAMIDE
ALPHA-GLUCAN OLIGOSACCHARIDE,XYLITOL
ALPHA-GLUCAN OLIGOSACCHARIDE,INULIN
ALPHA-GLUCAN OLIGOSACCHARIDE,LACTOBACILLUS FERMENT
ALUMINA,SILICA
ALUMINA,ZINC OXIDE
ALUMINUM CHLOROHYDRATE,MAGNESIUM ALUMINUM SILICATE
ALUMINUM STARCH OCTENYLSUCCINATE,TAPIOCA STARCH
ALUMINUM STARCH OCTENYLSUCCINATE,MAGNESIUM ALUMINUM SILICATE
ALUMINUM ZIRCONIUM TETRACHLOROHYDREX GLY,SODIUM BICARBONATE
ALUMINUM ZIRCONIUM TETRACHLOROHYDREX GLY,HYDROLYZED CORN STARCH
AMINOMETHYL PROPANOL,PROPYLENE GLYCOL
AMINOMETHYL PROPANOL,TRIETHANOLAMINE
AMMONIUM ACRYLOYLDIMETHYLTAURATE/VP COPOLYMER,XANTHAN GUM
AMMONIUM ACRYLOYLDIMETHYLTAURATE/VP COPOLYMER,CARBOMER
AMMONIUM LAURYL SULFATE,SODIUM LAURYL SULFATE
AMMONIUM LAURYL SULFATE,COCOGLUCOSIDE
AMMONIUM LAURYL SULFATE,SODIUM COCOYL ISETHIONATE
AMMONIUM POLYACRYLOYLDIMETHYL TAURATE,CELLULOSE GUM
AMMONIUM POLYACRYLOYLDIMETHYL TAURATE,HYDROXYETHYLCELLULOSE
AMMONIUM POLYACRYLOYLDIMETHYL TAURATE,HYDROXYPROPYL STARCH PHOSPHATE
AMMONIUM THIOGLYCOLATE,CYSTEAMINE HCL
AMMONIUM THIOGLYCOLATE,SODIUM HYDROXIDE
AMODIMETHICONE,DIMETHICONE
AMODIMETHICONE,BEHENTRIMONIUM CHLORIDE
AMP-ACRYLATES COPOLYMER,POLYQUATERNIUM11
AMP-ACRYLATES COPOLYMER,HYDROXYETHYLCELLULOSE
ARCTIUM LAPPA ROOT EXTRACT,CALENDULA OFFICINALIS EXTRACT
ARCTOSTAPHYLOS UVA URSI LEAF EXTRACT,ASCORBIC ACID
ARGANIA SPINOSA KERNEL OIL,COCOS NUCIFERA OIL
ARGANIA SPINOSA KERNEL OIL,SIMMONDSIA CHINENSIS SEED OIL
ARGININE,PROLINE
ARGININE,SODIUM PCA
ARGININE,HYALURONIC ACID
ARNICA MONTANA FLOWER EXTRACT,CALENDULA OFFICINALIS EXTRACT
ARNICA MONTANA FLOWER EXTRACT,CHAMOMILLA RECUTITA FLOWER EXTRACT
ARNICA MONTANA FLOWER EXTRACT,ALOE BARBADENSIS LEAF EXTRACT
ASCORBIC ACID,CALCIUM ASCORBATE
ASCORBIC ACID,SODIUM ASCORBATE
ASCORBIC ACID,SODIUM ASCORBYL PHOSPHATE
ASCORBIC ACID,CAMELLIA SINENSIS LEAF EXTRACT
ASCORBYL GLUCOSIDE,ASCORBIC ACID
ASCORBYL GLUCOSIDE,MAGNESIUM ASCORBYL PHOSPHATE
ASCORBYL GLUCOSIDE,SODIUM ASCORBYL PHOSPHATE
ASCORBYL TETRAISOPALMITATE,ASCORBYL GLUCOSIDE
ASCORBYL TETRAISOPALMITATE,MAGNESIUM ASCORBYL PHOSPHATE
ASCORBYL TETRAISOPALMITATE,TETRAHEXYLDECYL ASCORBATE
AVENA SATIVA KERNEL OIL,SYNTHETIC JOJOBA OIL
AZELAIC ACID,SALICYLIC ACID
AZELAIC ACID,NIACINAMIDE
AZELAIC ACID,LEPTOSPERMUM PETERSONII OIL
BAMBUSA ARUNDINACEA STEM EXTRACT,ALOE BARBADENSIS LEAF JUICE
BAMBUSA ARUNDINACEA STEM EXTRACT,SYNTHETIC JOJOBA OIL
BEHENAMIDOPROPYL DIMETHYLAMINE,CETRIMONIUM CHLORIDE
BEHENAMIDOPROPYL DIMETHYLAMINE,POLYQUATERNIUM10
BEHENAMIDOPROPYL DIMETHYLAMINE,STEARAMIDOPROPYL DIMETHYLAMINE
BEHENTRIMONIUM CHLORIDE,BEHENTRIMONIUM METHOSULFATE
BEHENTRIMONIUM CHLORIDE,CETRIMONIUM CHLORIDE
BEHENTRIMONIUM METHOSULFATE,BEHENTRIMONIUM CHLORIDE
BEHENYL ALCOHOL,CETEARYL ALCOHOL
BEHENYL ALCOHOL,CETYL ALCOHOL
BEHENYL ALCOHOL,MYRISTYL ALCOHOL
BEHENYL ALCOHOL,OLEYL ALCOHOL
BENTONITE,KAOLIN
BENTONITE,CHARCOAL POWDER
BENTONITE,ORYZA SATIVA POWDER
BENZALKONIUM CHLORIDE,MELALEUCA ALTERNIFOLIA LEAF OIL
BENZALKONIUM CHLORIDE,ETHYLHEXYLGLYCERIN
BENZALKONIUM CHLORIDE,CAPRYLYL GLYCOL
BENZOIC ACID,POTASSIUM SORBATE
BENZOIC ACID,PHENOXYETHANOL
BENZOIC ACID,SODIUM BENZOATE
BENZOPHENONE-3,TITANIUM DIOXIDE
BENZOPHENONE-3,ZINC OXIDE
BENZOPHENONE-4,DIETHYLAMINO HYDROXYBENZOYL HEXYL BENZOATE
BENZOPHENONE-4,BISETHYLHEXYLOXYPHENOL METHOXYPHENYL TRIAZINE
BENZOTRIAZOLYL DODECYL P-CRESOL,BENZOPHENONE1
BENZOTRIAZOLYL DODECYL P-CRESOL,BENZOPHENONE6
BENZOTRIAZOLYL DODECYL P-CRESOL,BENZOPHENONE3
BENZOTRIAZOLYL DODECYL P-CRESOL,OCTOCRYLENE
BENZYL ALCOHOL,PHENOXYETHANOL
BENZYL ALCOHOL,ETHYLHEXYLGLYCERIN
BENZYL ALCOHOL,CAPRYLYL GLYCOL
BETA-GLUCAN,HYALURONIC ACID
BETA-GLUCAN,NIACINAMIDE
BETAINE,CREATINE
BETAINE,SALICYLIC ACID
BHT,TOCOPHEROL
BIOSACCHARIDE GUM-1,XANTHAN GUM
BIOTIN,SILICA
BISABOLOL,ALLANTOIN
BISABOLOL,PANTHENOL
BISABOLOL,CENTELLA ASIATICA EXTRACT
BIS-AMINOPROPYL DIMETHICONE,AMODIMETHICONE
BIS-AMINOPROPYL DIMETHICONE,BUTYLENE GLYCOL DICAPRYLATE DICAPRATE
BIS-AMINOPROPYL DIMETHICONE,HYDROXYPROPYLDIMETHICONE
BIS-AMINOPROPYL DIMETHICONE,PPG3 BENZYL ETHER MYRISTATE
BIS-AMINOPROPYL DIMETHICONE,COCOCAPRYLATE CAPRATE
BIS-DIGLYCERYL POLYACYLADIPATE-2,LANOLIN
BIS-ETHYLHEXYLOXYPHENOL METHOXYPHENYL TRIAZINE,ZINC OXIDE
BIS-ETHYLHEXYLOXYPHENOL METHOXYPHENYL TRIAZINE,OCTOCRYLENE
BIS-ETHYLHEXYLOXYPHENOL METHOXYPHENYL TRIAZINE,TITANIUM DIOXIDE
BIS-PEG-18 METHYL ETHER DIMETHYL SILANE,CYCLOPENTASILOXANE
BIS-PEG-18 METHYL ETHER DIMETHYL SILANE,GLYCERIN
BIS-PEG-18 METHYL ETHER DIMETHYL SILANE,PROPANEDIOL
BLUE 1 LAKE,CI 77007
BLUE 1 LAKE,CI 74260
BORON NITRIDE,SILICA
BORON NITRIDE,MICA
BORON NITRIDE,ORYZA SATIVA POWDER
BRASSICA ALCOHOL,CETYL ALCOHOL
BRASSICA ALCOHOL,STEARYL ALCOHOL
BRASSICA CAMPESTRIS SEED OIL,HYDROGENATED SWEET ALMOND OIL
BUTYL METHOXYDIBENZOYLMETHANE,ZINC OXIDE
BUTYL METHOXYDIBENZOYLMETHANE,TITANIUM DIOXIDE
BUTYL STEARATE,ISOPROPYL MYRISTATE
BUTYL STEARATE,ETHYLHEXYL PALMITATE
BUTYL STEARATE,OCTYLDODECANOL
BUTYLENE GLYCOL,PROPYLENE GLYCOL
BUTYROSPERMUM PARKII BUTTER,OLEA EUROPAEA FRUIT OIL
C10-18 TRIGLYCERIDES,CETEARYL ALCOHOL
C10-18 TRIGLYCERIDES,STEARIC ACID
C10-18 TRIGLYCERIDES,CERA ALBA
C12-13 ALKYL LACTATE,ISOPROPYL MYRISTATE
C12-13 ALKYL LACTATE,GLYCERIN
C12-15 ALKYL BENZOATE,ISOPROPYL MYRISTATE
C12-15 ALKYL BENZOATE,COCOCAPRYLATE
C12-15 ALKYL BENZOATE,ISOAMYL LAURATE
C12-15 ALKYL BENZOATE,CYCLOMETHICONE
C12-20 ACID PEG-8 ESTER,CETEARYL ALCOHOL
C12-20 ACID PEG-8 ESTER,GLYCERYL STEARATE
C12-20 ACID PEG-8 ESTER,CETYL PALMITATE
C13-14 ISOPARAFFIN,CYCLOPENTASILOXANE
C13-14 ISOPARAFFIN,CAPRYLIC CAPRIC TRIGLYCERIDE
C13-14 ISOPARAFFIN,ISOPROPYL MYRISTATE
C13-15 ALKANE,COCOCAPRYLATE CAPRATE
C13-15 ALKANE,BUTYLENE GLYCOL DICAPRYLATE DICAPRATE
C15-19 ALKANE,DIPHENYL DIMETHICONE
C15-19 ALKANE,GLYCERIN
C9-12 ALKANE,PROPYLENE GLYCOL
CAESALPINIA SPINOSA GUM,CARBOMER
CAFFEINE,NIACINAMIDE
CAFFEINE,ASCORBIC ACID
CALCIUM ALUMINUM BOROSILICATE,MICA
CALCIUM ALUMINUM BOROSILICATE,SYNTHETIC FLUORPHLOGOPITE
CALCIUM CARBONATE,KAOLIN
CALCIUM CARBONATE,TALC
CALCIUM CARBONATE,SILICA
CALCIUM SODIUM BOROSILICATE,CALCIUM ALUMINUM BOROSILICATE
CALCIUM SODIUM BOROSILICATE,CALCIUM TITANIUM BOROSILICATE
CALENDULA OFFICINALIS EXTRACT,ALOE BARBADENSIS LEAF JUICE
CAMELLIA SINENSIS LEAF EXTRACT,EUTERPE OLERACEA JUICE
CAMELLIA SINENSIS LEAF EXTRACT,CHAMOMILLA RECUTITA EXTRACT
CANNABIS SATIVA SEED OIL,HYDROGENATED JOJOBA OIL
CANOLA OIL,SYNTHETIC JOJOBA OIL
CANOLA OIL,HYDROGENATED COCONUT OIL
CAPRYLHYDROXAMIC ACID,EDTA
CAPRYLOYL GLYCINE,CAPRYLOYL SALICYLIC ACID
CAPRYLOYL GLYCINE,CAPRYLYL CAPRYL GLUCOSIDE
CAPRYLOYL GLYCINE,DECYL GLUCOSIDE
CAPRYLYL GLYCOL,PROPYLENE GLYCOL
CAPRYLYL METHICONE,AMODIMETHICONE
CAPRYLYL/CAPRYL GLUCOSIDE,COCOGLUCOSIDE
CAPRYLYL/CAPRYL GLUCOSIDE,LAURYL GLUCOSIDE
CAPRYLYL/CAPRYL GLUCOSIDE,SUCROSE COCOATE
CARAMEL,CI 77491
CARBOMER,XANTHAN GUM
CARBOMER,SCLEROTIUM GUM
CARICA PAPAYA FRUIT EXTRACT,CARICA PAPAYA SEED OIL
CAVIAR EXTRACT,ALOE VERA CALLUS EXTRACT
CAVIAR EXTRACT,HYALURONIC ACID
CELLULOSE,XANTHAN GUM
CELLULOSE,CERATONIA SILIQUA GUM
CELLULOSE GUM,XANTHAN GUM
CENTELLA ASIATICA EXTRACT,CALENDULA OFFICINALIS EXTRACT
CENTELLA ASIATICA EXTRACT,ALOE BARBADENSIS LEAF EXTRACT
CERA ALBA,HYDROLYZED CANDELILLA WAX
CERA ALBA,HYDROLYZED CARNAUBA WAX
CERA MICROCRISTALLINA,HYDROLYZED BEESWAX
CERAMIDE 3,ACETYL GLUCOSAMINE
CERAMIDE 3,NIACINAMIDE
CERAMIDE 3,PANTHENOL
CERAMIDE NP,COCOCAPRYLATE
CERAMIDE NP,COCONUT ALKANES
CERAMIDE NP,PRUNUS AMYGDALUS DULCIS OIL
CERATONIA SILIQUA GUM,XANTHAN GUM
CERESIN,PARAFFIN
CERESIN,MONTAN CERA
CETEARETH-12,POLYSORBATE 20
CETEARETH-12,STEARETH20
CETEARETH-12,GLYCERYL STEARATE
CETEARETH-20,CETEARYL ALCOHOL
CETEARETH-20,PEG7 GLYCERYL COCOATE
CETEARETH-25,CAPRYLIC CAPRIC GLYCERIDES
CETEARETH-30,LAURETH23
CETEARETH-30,LAURETH20
CETEARETH-30,CETEARETH20
CETEARETH-30,CETEARETH40
CETEARYL ALCOHOL,HYDROGENATED COCONUT OIL
CETEARYL ALCOHOL,HYDROGENATED JOJOBA OIL
CETEARYL ALCOHOL,HYDROGENATED SWEET ALMOND OIL
CETEARYL ETHYLHEXANOATE,CETYL ETHYLHEXANOATE
CETEARYL ETHYLHEXANOATE,ETHYLHEXYL ETHYLHEXANOATE
CETEARYL ETHYLHEXANOATE,ISODECYL ETHYLHEXANOATE
CETEARYL GLUCOSIDE,CAPRYLIC CAPRIC TRIGLYCERIDE
CETEARYL GLUCOSIDE,XANTHAN GUM
CETEARYL ISONONANOATE,ETHYLHEXYL PALMITATE
CETEARYL ISONONANOATE,CAPRYLIC CAPRIC TRIGLYCERIDE
CETEARYL ISONONANOATE,ISOAMYL LAURATE
CETETH-20,LAURETH4
CETETH-20,BEHENETH10
CETETH-20,CETEARETH20
CETRIMONIUM CHLORIDE,POLYQUATERNIUM7
CETRIMONIUM CHLORIDE,CETRIMONIUM BROMIDE
CETRIMONIUM CHLORIDE,STEARTRIMONIUM CHLORIDE
CETYL ALCOHOL,CETEARYL ALCOHOL
CETYL DIMETHICONE,DIMETHICONE
CETYL DIMETHICONE,CAPRYLIC CAPRIC TRIGLYCERIDE
CETYL DIMETHICONE,CYCLOMETHICONE
CETYL ESTERS,CETEARYL ALCOHOL
CETYL ESTERS,JOJOBA ESTERS
CETYL ESTERS,BEHENYL ALCOHOL
CETYL ETHYLHEXANOATE,CETEARYL ETHYLHEXANOATE
CETYL ETHYLHEXANOATE,ETHYLHEXYL ETHYLHEXANOATE
CETYL ETHYLHEXANOATE,ISODECYL ETHYLHEXANOATE
CETYL PALMITATE,GLYCERIN
CETYL PALMITATE,HYDROGENATED SHEA BUTTER
CETYL PALMITATE,SYNTHETIC JOJOBA OIL
CETYL PEG/PPG-10/1 DIMETHICONE,COCOCAPRYLATE CAPRATE
CETYL PEG/PPG-10/1 DIMETHICONE,BUTYLENE GLYCOL DICAPRYLATE DICAPRATE
CETYL PEG/PPG-10/1 DIMETHICONE,PPG3 BENZYL ETHER MYRISTATE
CETYLPYRIDINIUM CHLORIDE,CHLORHEXIDINE
CETYLPYRIDINIUM CHLORIDE,BENZALKONIUM CHLORIDE
CHAMOMILLA RECUTITA EXTRACT,CALENDULA OFFICINALIS FLOWER EXTRACT
CHAMOMILLA RECUTITA EXTRACT,ALOE BARBADENSIS LEAF EXTRACT
CHAMOMILLA RECUTITA EXTRACT,BISABOLOL
CHAMOMILLA RECUTITA FLOWER EXTRACT,CALENDULA OFFICINALIS FLOWER EXTRACT
CHAMOMILLA RECUTITA FLOWER EXTRACT,ALOE BARBADENSIS LEAF EXTRACT
CHAMOMILLA RECUTITA FLOWER EXTRACT,CENTELLA ASIATICA EXTRACT
CHARCOAL POWDER,ACTINIDIA CHINENSIS SEED EXTRACT
CHARCOAL POWDER,AGAVE AMERICANA LEAF POWDER
CHARCOAL POWDER,ADANSONIA DIGITATA SEED POWDER
CHITOSAN,HYALURONIC ACID
CHITOSAN,GLYCERIN
CHLORHEXIDINE DIGLUCONATE,MELALEUCA ALTERNIFOLIA LEAF OIL
CHLORHEXIDINE DIGLUCONATE,BENZALKONIUM CHLORIDE
CHLORHEXIDINE DIGLUCONATE,TRICLOSAN
CHLORPHENESIN,ROSMARINUS OFFICINALIS FLOWER OIL
CHLORPHENESIN,HYDROGENATED GRAPEFRUIT SEED OIL
CHOLESTEROL,SQUALANE
CHOLESTEROL,HYALURONIC ACID
CHONDRUS CRISPUS EXTRACT,ALOE BARBADENSIS EXTRACT
CHONDRUS CRISPUS EXTRACT,HYALURONIC ACID
CHONDRUS CRISPUS EXTRACT,SEA CUCUMBER EXTRACT
CI 11680,CURCUMA LONGA ROOT EXTRACT
CI 11680,BETACAROTENE
CI 11680,BIXA ORELLANA SEED EXTRACT
CI 14700,ANTHOCYANINS
CI 14700,CI 75470
CI 15510,BIXA ORELLANA SEED
CI 15510,BETACAROTENE
CI 15985,BETACAROTENE
CI 15985,CI 75120
CI 16035,CI 75470
CI 16035,ANTHOCYANINS
CI 16255,CI 75470
CI 17200,CAROTENOIDS
CI 17200,CI 75470
CI 19140,ACID YELLOW 23 ALUMINUM LAKE
CI 19140,ACID YELLOW 23
CI 45100,CI 75470
CI 45410,ANTHOCYANINS
CI 45410,CI 75470
CI 47000,CURCUMIN
CI 47005,BETACAROTENE
CI 51319,CI 77742
CI 60725,CI 77742
CI 60725,CI 77007
CI 74160,CI 77007
CI 74160,CI 77510
CI 77266,CI 77492
CI 77289,CI 77007
CI 77289,CI 77491
CI 77480,MICA
CI 77492,CURCUMIN
CI 77492,CI 15985
CI 77492,CI 47005
CI 77742,CI 77007
CI 77742,CI 77510
CI 77742,CI 60725
CI 77820,MICA
CI 77820,SYNTHETIC FLUORPHLOGOPITE
CI 77820,CI 77499
CI 77891,ZINC OXIDE
CI 77891,CALCIUM CARBONATE
CITRIC ACID,ASCORBIC ACID
CITRONELLOL,LINALOOL
CITRONELLOL,GERANIOL
CITRONELLOL,CITRAL
CITRUS JUNOS FRUIT EXTRACT,ASCORBIC ACID
CITRUS LIMON PEEL OIL,CITRUS AURANTIFOLIA SEED OIL
CITRUS LIMON PEEL OIL,CITRUS AURANTIUM DULCIS OIL
CITRUS LIMON PEEL OIL,CITRUS RETICULATA PEEL OIL
CITRUS SINENSIS PEEL OIL EXPRESSED,CITRUS AURANTIUM DULCIS OIL
CITRUS SINENSIS PEEL OIL EXPRESSED,CITRUS PARADISI PEEL OIL
CLIMBAZOLE,KETOCONAZOLE
CLIMBAZOLE,ZINC PYRITHIONE
CLIMBAZOLE,SELENIUM SULFIDE
COCAMIDE DEA,COCAMIDOPROPYL BETAINE
COCAMIDE DEA,PEG3 GLYCERYL COCOATE
COCAMIDE DEA,PEG7 GLYCERYL SOYATE
COCAMIDE MEA,COCAMIDE DEA
COCAMIDE MEA,COCAMIDOPROPYL BETAINE
COCAMIDE MIPA,COCAMIDE DEA
COCAMIDE MIPA,COCAMIDE MEA
COCAMIDOPROPYL BETAINE,SODIUM LAURYL SULFATE
COCAMIDOPROPYL BETAINE,COCOBETAINE
COCAMIDOPROPYL BETAINE,BABASSUAMIDOPROPYL BETAINE
COCAMIDOPROPYL BETAINE,DISODIUM LAUROAMPHODIACETATE
COCAMIDOPROPYL BETAINE,SODIUM COCOAMPHOACETATE
COCAMIDOPROPYL HYDROXYSULTAINE,COCOGLUCOSIDE
COCAMIDOPROPYL HYDROXYSULTAINE,DECYL GLUCOSIDE
COCAMIDOPROPYL HYDROXYSULTAINE,SODIUM LAUROYL SARCOSINATE
COCAMIDOPROPYLAMINE OXIDE,COCAMIDOPROPYL BETAINE
COCO-BETAINE,DECYL GLUCOSIDE
COCO-BETAINE,COCOGLUCOSIDE
COCO-CAPRYLATE/CAPRATE,C1215 ALKYL BENZOATE
COCO-GLUCOSIDE,DECYL GLUCOSIDE
COCOGLYCERIDES,CAPRYLIC CAPRIC TRIGLYCERIDE
COCOGLYCERIDES,CETEARYL ALCOHOL
COCOGLYCERIDES,GLYCERIN
COCONUT ACID,AMMONIUM COCOMONOGLYCERIDE SULFATE
COCONUT ACID,POTASSIUM COCOATE
COCONUT ACID,SODIUM COCOATE
COCONUT ACID,HYDROGENATED COCONUT ACID
COCOS NUCIFERA OIL,HYDROGENATED SHEA BUTTER
COCOYL GLUTAMIC ACID,CAPRYLOYL GLYCINE
COCOYL GLUTAMIC ACID,SODIUM COCOYL GLUTAMATE
COCOYL GLUTAMIC ACID,COCOGLUCOSIDE
COFFEA ARABICA SEED EXTRACT,ASCORBIC ACID
COFFEA ARABICA SEED OIL,HYDROGENATED GRAPESEED OIL
COFFEA ARABICA SEED POWDER,AGAVE AMERICANA LEAF POWDER
COFFEA ARABICA SEED POWDER,ANGELICA DAHURICA SEED POWDER
COFFEA ARABICA SEED POWDER,POLYLACTIC ACID
COLLAGEN,BAKUCHIOL
COLLAGEN,ASCORBIC ACID
COLLAGEN,RETINOL
CRITHMUM MARITIMUM EXTRACT,ALOE BARBADENSIS EXTRACT
CURCUMA LONGA ROOT EXTRACT,GLYCYRRHIZA GLABRA ROOT EXTRACT
CURCUMA LONGA ROOT EXTRACT,SALIX ALBA BARK EXTRACT
CURCUMA LONGA ROOT EXTRACT,ASCORBIC ACID
CYCLOHEXASILOXANE,DIMETHICONE
CYCLOHEXASILOXANE,CYCLOMETHICONE
CYCLOHEXASILOXANE,ISODODECANE
CYCLOMETHICONE,DIMETHICONE
CYCLOMETHICONE,CYCLOPENTASILOXANE
CYCLOPENTASILOXANE,DICAPRYLYL ETHER
CYCLOPENTASILOXANE,DICAPRYLYL CARBONATE
CYCLOTETRASILOXANE,CYCLOPENTASILOXANE
DECYL GLUCOSIDE,COCOGLUCOSIDE
DECYL GLUCOSIDE,SUCROSE COCOATE
DECYL GLUCOSIDE,LAURYL GLUCOSIDE
DECYL GLUCOSIDE,CAPRYLYL CAPRYL GLUCOSIDE
DECYL OLEATE,ISOPROPYL MYRISTATE
DECYL OLEATE,CAPRYLIC CAPRIC TRIGLYCERIDE
DECYL OLEATE,ETHYLHEXYL PALMITATE
DECYLENE GLYCOL,CAPRYLYL GLYCOL
DECYLENE GLYCOL,PENTYLENE GLYCOL
DECYLENE GLYCOL,SQUALANE
DEXTRIN PALMITATE,GLYCERYL STEARATE
DEXTRIN PALMITATE,CETEARYL ALCOHOL
DEXTRIN PALMITATE,STEARIC ACID
DICAPRYLYL CARBONATE,DICAPRYLYL ETHER
DICAPRYLYL CARBONATE,COCOCAPRYLATE
DICAPRYLYL ETHER,CYCLOPENTASILOXANE
DICAPRYLYL ETHER,CYCLOHEXASILOXANE
DICAPRYLYL ETHER,DICAPRYLYL CARBONATE
DICETYLDIMONIUM CHLORIDE,CETRIMONIUM CHLORIDE
DICETYLDIMONIUM CHLORIDE,STEARAMIDOPROPYL DIMETHYLAMINE
DIETHYLAMINO HYDROXYBENZOYL HEXYL BENZOATE,ZINC OXIDE
DIETHYLHEXYL SEBACATE,CETYL ETHYLHEXANOATE
DIETHYLHEXYL SEBACATE,ISOAMYL LAURATE
DIETHYLHEXYL SEBACATE,CAPRYLIC CAPRIC TRIGLYCERIDE
DIISOPROPYL ADIPATE,ISOPROPYL MYRISTATE
DIISOPROPYL ADIPATE,ETHYLHEXYL PALMITATE
DIISOPROPYL ADIPATE,CAPRYLIC CAPRIC TRIGLYCERIDE
DIISOPROPYL SEBACATE,CAPRYLIC CAPRIC TRIGLYCERIDE
DIISOPROPYL SEBACATE,ETHYLHEXYL PALMITATE
DIISOPROPYL SEBACATE,ISOPROPYL MYRISTATE
DIISOSTEARYL MALATE,POLYGLYCERYL2 TRIISOSTEARATE
DIMETHICONE,COCOCAPRYLATE CAPRATE
DIMETHICONE CROSSPOLYMER,CYCLOPENTASILOXANE
DIMETHICONE CROSSPOLYMER,POLYACRYLATE CROSSPOLYMER6
DIMETHICONOL,COCOCAPRYLATE CAPRATE
DIMETHYL ISOSORBIDE,GLYCERYL STEARATE
DIMETHYL ISOSORBIDE,CETYL ALCOHOL
DIMETHYL ISOSORBIDE,BUTYLENE GLYCOL
DIPHENYL DIMETHICONE,CYCLOMETHICONE
DIPHENYL DIMETHICONE,CAPRYLIC CAPRIC TRIGLYCERIDE
DIPOTASSIUM GLYCYRRHIZATE,ALLANTOIN
DIPOTASSIUM GLYCYRRHIZATE,CHAMOMILLA RECUTITA FLOWER EXTRACT
DIPOTASSIUM GLYCYRRHIZATE,BISABOLOL
DISILOXANE,DIMETHICONE
DISILOXANE,CAPRYLIC CAPRIC TRIGLYCERIDE
DISILOXANE,ISODODECANE
DISODIUM COCOAMPHODIACETATE,COCAMIDOPROPYL BETAINE
DISODIUM COCOAMPHODIACETATE,SODIUM LAURAMINOPROPIONATE
DISODIUM COCOAMPHODIPROPIONATE,COCAMIDOPROPYL BETAINE
DISODIUM COCOAMPHODIPROPIONATE,LAURYL GLUCOSIDE
DISODIUM COCOAMPHODIPROPIONATE,SODIUM LAUROYL SARCOSINATE
DISODIUM COCOYL GLUTAMATE,SODIUM COCOSULFATE
DISODIUM COCOYL GLUTAMATE,SODIUM LAURETH SULFATE
DISODIUM EDTA,SODIUM CITRATE
DISODIUM EDTA,SODIUM POLYASPARTATE
DISODIUM EDTA,SODIUM PHYTATE
DISODIUM LAURETH SULFOSUCCINATE,SODIUM LAURETH SULFATE
DISODIUM LAURYL SULFOSUCCINATE,DISODIUM CETEARYL SULFOSUCCINATE
DISODIUM LAURYL SULFOSUCCINATE,DISODIUM COCOSULFOSUCCINATE
DISODIUM LAURYL SULFOSUCCINATE,DISODIUM ISODECYL SULFOSUCCINATE
DISODIUM PHOSPHATE,CITRIC ACID
DISODIUM PHOSPHATE,SODIUM CITRATE
DISODIUM PHOSPHATE,SODIUM BICARBONATE
DISTEARYLDIMONIUM CHLORIDE,CETEARETH20
DISTEARYLDIMONIUM CHLORIDE,CETEARYL OLIVATE
DISTEARYLDIMONIUM CHLORIDE,SORBITAN OLIVATE
DISTEARYLDIMONIUM CHLORIDE,GLYCERYL STEARATE
DMDM HYDANTOIN,QUATERNIUM15
DMDM HYDANTOIN,SODIUM BENZOATE
ELAEIS GUINEENSIS OIL,SHEA BUTTER GLYCERIDE
ERYTHRITOL,MANNITOL
ERYTHRITOL,SORBITOL
ERYTHRITOL,XYLITOL
ETHOXYDIGLYCOL,BUTYLENE GLYCOL
ETHOXYDIGLYCOL,HEXYLENE GLYCOL
ETHOXYDIGLYCOL,DIPROPYLENE GLYCOL
ETHYL MENTHANE CARBOXAMIDE,MENTHOL
ETHYL MENTHANE CARBOXAMIDE,MENTHA PIPERITA OIL
ETHYLHEXYL COCOATE,CAPRYLIC CAPRIC TRIGLYCERIDE
ETHYLHEXYL COCOATE,SYNTHETIC JOJOBA OIL
ETHYLHEXYL METHOXYCINNAMATE,TITANIUM DIOXIDE
ETHYLHEXYL METHOXYCINNAMATE,ZINC OXIDE
ETHYLHEXYL METHOXYCINNAMATE,HYDROGENATED COCONUT OIL
ETHYLHEXYL METHOXYCINNAMATE,HYDROGENATED SHEA BUTTER
ETHYLHEXYL PALMITATE,COCOCAPRYLATE
ETHYLHEXYL PALMITATE,BUTYLENE GLYCOL DICAPRYLATE DICAPRATE
ETHYLHEXYL SALICYLATE,ZINC OXIDE
ETHYLHEXYL SALICYLATE,TITANIUM DIOXIDE
ETHYLHEXYL STEARATE,CAPRYLIC CAPRIC TRIGLYCERIDE
ETHYLHEXYL STEARATE,ISOPROPYL MYRISTATE
ETHYLHEXYL STEARATE,CETEARYL ETHYLHEXANOATE
ETHYLHEXYL TRIAZONE,BUTYL METHOXYDIBENZOYLMETHANE
ETHYLHEXYL TRIAZONE,ZINC OXIDE
ETHYLHEXYL TRIAZONE,BISETHYLHEXYLOXYPHENOL METHOXYPHENYL TRIAZINE
ETHYLHEXYLGLYCERIN,PHENOXYETHANOL
EUCALYPTUS GLOBULUS LEAF OIL,LEPTOSPERMUM PETERSONII OIL
EUCALYPTUS GLOBULUS LEAF OIL,LAVANDULA ANGUSTIFOLIA OIL
EUCALYPTUS GLOBULUS LEAF OIL,MENTHA PIPERITA OIL
EUPHORBIA CERIFERA CERA,HYDROLYZED CARNAUBA WAX
FERULIC ACID,RESVERATROL
FERULIC ACID,TOCOPHEROL
FICUS CARICA FRUIT EXTRACT,ALOE BARBADENSIS LEAF EXTRACT
FICUS CARICA FRUIT EXTRACT,CUCUMIS SATIVUS FRUIT EXTRACT
FICUS CARICA FRUIT EXTRACT,MEL EXTRACT
GARCINIA INDICA SEED BUTTER,HYDROGENATED SHEA BUTTER
GELLAN GUM,XANTHAN GUM
GELLAN GUM,CELLULOSE GUM
GLUTATHIONE,ASCORBIC ACID
GLUTATHIONE,NIACINAMIDE
GLUTATHIONE,RETINOL
GLUTATHIONE,GLYCYRRHIZA GLABRA ROOT EXTRACT
GLYCERETH-2 COCOATE,COCOGLUCOSIDE
GLYCERETH-2 COCOATE,PEG7 GLYCERYL COCOATE
GLYCERETH-2 COCOATE,DECYL GLUCOSIDE
GLYCERETH-26,HYALURONIC ACID
GLYCERETH-26,PANTHENOL
GLYCERIN,SQUALANE
GLYCERIN,HYDROGENATED VEGETABLE OIL
GLYCERIN,PROPYLENE GLYCOL
GLYCERIN,HYDROGENATED COCONUT OIL
GLYCERYL CAPRYLATE,CAPRYLYL GLYCOL
GLYCERYL CAPRYLATE,ETHYLHEXYLGLYCERIN
GLYCERYL CAPRYLATE,SORBITAN CAPRYLATE
GLYCERYL CAPRYLATE/CAPRATE,CAPRYLIC CAPRIC TRIGLYCERIDE
GLYCERYL CAPRYLATE/CAPRATE,ISOAMYL LAURATE
GLYCERYL CAPRYLATE/CAPRATE,SORBITAN OLIVATE
GLYCERYL GLUCOSIDE,GLYCERIN
GLYCERYL GLUCOSIDE,COCOGLUCOSIDE
GLYCERYL LAURATE,GLYCERYL STEARATE
GLYCERYL LAURATE,CETEARYL ALCOHOL
GLYCERYL LAURATE,CAPRYLIC CAPRIC TRIGLYCERIDE
GLYCERYL OLEATE,GLYCERYL LAURATE
GLYCERYL OLEATE,GLYCERYL PALMITATE
GLYCERYL OLEATE,GLYCERYL CAPRYLATE
GLYCERYL STEARATE,CETEARYL ALCOHOL
GLYCERYL STEARATE,GLYCERYL STEARATE CITRATE
GLYCERYL STEARATE CITRATE,GLYCERIN
GLYCERYL STEARATE SE,STEARYL ALCOHOL
GLYCERYL STEARATE SE,SORBITAN STEARATE
GLYCERYL STEARATE SE,CETEARYL ALCOHOL
GLYCERYL THIOGLYCOLATE,CYSTEAMINE HCL
GLYCERYL THIOGLYCOLATE,LACTIC ACID
GLYCERYL THIOGLYCOLATE,AMMONIUM BISULFITE
GLYCINE SOJA OIL,HYDROGENATED SWEET ALMOND OIL
GLYCOL DISTEARATE,GLYCOL STEARATE
GLYCOL STEARATE,CETEARYL ALCOHOL
GLYCOL STEARATE,GLYCERYL STEARATE
GLYCOL STEARATE,CETYL ALCOHOL
GLYCOLIC ACID,LACTIC ACID
GLYCOPROTEINS,HYALURONIC ACID
GLYCOPROTEINS,ALOE BARBADENSIS EXTRACT
GLYCYRRHETINIC ACID,NIACINAMIDE
GLYCYRRHETINIC ACID,ALPHAARBUTIN
GLYCYRRHETINIC ACID,KOJIC ACID
GLYCYRRHIZA GLABRA ROOT EXTRACT,ALOE BARBADENSIS LEAF JUICE
GUAR HYDROXYPROPYLTRIMONIUM CHLORIDE,DIMETHICONE
GUAR HYDROXYPROPYLTRIMONIUM CHLORIDE,FRUCTOSE
GUAR HYDROXYPROPYLTRIMONIUM CHLORIDE,GLYCERIN
GUAR HYDROXYPROPYLTRIMONIUM CHLORIDE,BEHENTRIMONIUM CHLORIDE
HELIANTHUS ANNUUS HYBRID OIL,SQUALANE
HELIANTHUS ANNUUS HYBRID OIL,HYDROGENATED JOJOBA OIL
HELIANTHUS ANNUUS SEED OIL,HYDROGENATED COCONUT OIL
HELIANTHUS ANNUUS SEED OIL,HYDROGENATED JOJOBA OIL
HEXYLENE GLYCOL,PROPYLENE GLYCOL
HEXYLENE GLYCOL,BUTYLENE GLYCOL
HEXYLENE GLYCOL,GLYCERIN
HIBISCUS SABDARIFFA FLOWER EXTRACT,CHAMOMILLA RECUTITA FLOWER EXTRACT
HIBISCUS SABDARIFFA FLOWER EXTRACT,PUNICA GRANATUM EXTRACT
HIBISCUS SABDARIFFA FLOWER EXTRACT,CALENDULA OFFICINALIS FLOWER EXTRACT
HOMOSALATE,OCTOCRYLENE
HYALURONIC ACID,GLYCERIN
HYALURONIC ACID,SODIUM PCA
HYALURONIC ACID,SQUALENE
HYDRATED SILICA,CALCIUM CARBONATE
HYDRATED SILICA,ORYZA SATIVA POWDER
HYDROGEN DIMETHICONE,CYCLOPENTASILOXANE
HYDROGEN DIMETHICONE,CAPRYLIC CAPRIC TRIGLYCERIDE
HYDROGEN DIMETHICONE,SQUALANE
HYDROGENATED CASTOR OIL,HYDROGENATED VEGETABLE OIL
HYDROGENATED COCO-GLYCERIDES,SHEA BUTTER GLYCERIDE
HYDROGENATED COCO-GLYCERIDES,CAPRYLIC CAPRIC TRIGLYCERIDE
HYDROGENATED COCO-GLYCERIDES,SYNTHETIC JOJOBA OIL
HYDROGENATED JOJOBA OIL,OLEA EUROPAEA FRUIT
HYDROGENATED JOJOBA OIL,PRUNUS AMYGDALUS DULCIS OIL
HYDROGENATED LECITHIN,PHOSPHOLIPIDS
HYDROGENATED LECITHIN,XANTHAN GUM
HYDROGENATED LECITHIN,GLYCERIN
HYDROGENATED PALM OIL,HYDROGENATED COCONUT OIL
HYDROGENATED POLYDECENE,METHYLHEPTYL ISOSTEARATE
HYDROGENATED POLYDECENE,HYDROGENATED POLYISOBUTENE
HYDROGENATED POLYDECENE,HYDROGENATED COCONUT OIL
HYDROGENATED POLYDECENE,ISONONYL ISONONANOATE
HYDROGENATED POLYISOBUTENE,GLYCERIN
HYDROGENATED SOYBEAN OIL,HYDROGENATED SHEA BUTTER
HYDROGENATED SOYBEAN OIL,SYNTHETIC JOJOBA OIL
HYDROGENATED STYRENE/ISOPRENE COPOLYMER,HYDROGENATED STYRENE BUTADIENE COPOLYMER
HYDROGENATED STYRENE/ISOPRENE COPOLYMER,ETHYLENE PROPYLENE STYRENE COPOLYMER
HYDROGENATED STYRENE/ISOPRENE COPOLYMER,BUTYLENE ETHYLENE STYRENE COPOLYMER
HYDROGENATED VEGETABLE OIL,HYDROGENATED SHEA BUTTER
HYDROGENATED VEGETABLE OIL,HYDROGENATED COCONUT OIL
HYDROGENATED VEGETABLE OIL,HYDROGENATED JOJOBA OIL
HYDROLYZED CORN STARCH,HYDROLYZED WHEAT PROTEIN
HYDROLYZED CORN STARCH,HYDROLYZED SOY PROTEIN
HYDROLYZED CORN STARCH,HYDROLYZED RICE PROTEIN
HYDROLYZED ELASTIN,COLLAGEN
HYDROLYZED ELASTIN,HYALURONIC ACID
HYDROLYZED HYALURONIC ACID,SODIUM HYALURONATE
HYDROLYZED HYALURONIC ACID,HYDROLYZED SODIUM HYALURONATE
HYDROLYZED MILK PROTEIN,HYDROLYZED CASEIN
HYDROLYZED MILK PROTEIN,HYDROLYZED LACTALBUMIN
HYDROLYZED MILK PROTEIN,LACTOGLOBULIN
HYDROLYZED MILK PROTEIN,SODIUM HYDROLYZED CASEIN
HYDROLYZED OPUNTIA FICUS-INDICA FLOWER EXTRACT,ALOE BARBADENSIS LEAF JUICE
HYDROLYZED OPUNTIA FICUS-INDICA FLOWER EXTRACT,CHAMOMILLA RECUTITA FLOWER EXTRACT
HYDROLYZED RICE PROTEIN,HYDROLYZED WHEAT PROTEIN
HYDROLYZED RICE PROTEIN,HYDROLYZED SOY PROTEIN
HYDROLYZED SILK,GLYCERIN
HYDROLYZED SILK,HYDROLYZED KERATIN
HYDROLYZED SOY PROTEIN,GLYCINE MAX POLYPEPTIDE
HYDROLYZED SOY PROTEIN,GLYCINE SOJA PEPTIDE
HYDROLYZED SOY PROTEIN,HYDROLYZED SOYMILK PROTEIN
HYDROLYZED VEGETABLE PROTEIN,HYDROLYZED RICE PROTEIN
HYDROLYZED VEGETABLE PROTEIN,HYDROLYZED SILK
HYDROLYZED WHEAT PROTEIN,HYDROLYZED KERATIN
HYDROXYETHYL ACRYLATE/SODIUM ACRYLOYLDIMETHYL TAURATE COPOLYMER,ACRYLAMIDE SODIUM ACRYLOYLDIMETHYLTAURATE COPOLYMER
HYDROXYETHYL ACRYLATE/SODIUM ACRYLOYLDIMETHYL TAURATE COPOLYMER,HYDROXYETHYLCELLULOSE
HYDROXYETHYL ACRYLATE/SODIUM ACRYLOYLDIMETHYL TAURATE COPOLYMER,BENTONITE
HYDROXYETHYL ACRYLATE/SODIUM ACRYLOYLDIMETHYL TAURATE COPOLYMER,AMMONIUM ACRYLOYLDIMETHYLTAURATE STEARETH25 METHACRYLATE CROSSPOLYMER
HYDROXYETHYL UREA,ALLANTOIN
HYDROXYETHYL UREA,PANTHENOL
HYDROXYETHYL UREA,SODIUM LACTATE
HYDROXYETHYL UREA,ACETYL GLUCOSAMINE
HYDROXYETHYLCELLULOSE,HYDROXYPROPYLCELLULOSE
HYDROXYETHYLCELLULOSE,CELLULOSE GUM
HYDROXYPROPYL GUAR,HYDROXYETHYLCELLULOSE
HYDROXYPROPYL GUAR,XANTHAN GUM
HYDROXYPROPYL METHYLCELLULOSE,XANTHAN GUM
HYDROXYPROPYLTRIMONIUM HONEY,GLYCERIN
HYDROXYPROPYLTRIMONIUM HONEY,PROPANEDIOL
HYDROXYPROPYLTRIMONIUM HONEY,PROPYLENE GLYCOL
HYDROXYPROPYLTRIMONIUM HONEY,SORBITOL
HYDROXYSTEARIC ACID,CAPRYLIC CAPRIC TRIGLYCERIDE
HYDROXYTYROSOL,RESVERATROL
IODOPROPYNYL BUTYLCARBAMATE,PHENOXYETHANOL
IODOPROPYNYL BUTYLCARBAMATE,POTASSIUM SORBATE
IODOPROPYNYL BUTYLCARBAMATE,SODIUM BENZOATE
ISOAMYL LAURATE,COCOCAPRYLATE
ISOAMYL LAURATE,C1215 ALKYL BENZOATE
ISOAMYL LAURATE,CAMELLIA SEED OIL
ISODECYL NEOPENTANOATE,ISOPROPYL MYRISTATE
ISODECYL NEOPENTANOATE,CAPRYLIC CAPRIC TRIGLYCERIDE
ISODECYL NEOPENTANOATE,ETHYLHEXYL PALMITATE
ISODODECANE,CYCLOMETHICONE
ISOHEXADECANE,DIMETHICONE
ISONONYL ISONONANOATE,ISODECYL NEOPENTANOATE
ISONONYL ISONONANOATE,ISOSTEARYL ISONONANOATE
ISONONYL ISONONANOATE,ETHYLHEXYL ISONONANOATE
ISOPENTYLDIOL,GLYCERIN
ISOPENTYLDIOL,PROPANEDIOL
ISOPENTYLDIOL,BUTYLENE GLYCOL
ISOPROPYL ALCOHOL,BENZALKONIUM CHLORIDE
ISOPROPYL ALCOHOL,POLYQUATERNIUM37
ISOPROPYL ISOSTEARATE,CAPRYLIC CAPRIC TRIGLYCERIDE
ISOPROPYL ISOSTEARATE,ETHYLHEXYL PALMITATE
ISOPROPYL ISOSTEARATE,DIMETHICONE
ISOPROPYL MYRISTATE,C1215 ALKYL BENZOATE
ISOPROPYL MYRISTATE,COCOCAPRYLATE
ISOPROPYL MYRISTATE,ISODODECANE
ISOPROPYL PALMITATE,CAPRYLIC CAPRIC TRIGLYCERIDE
ISOPROPYL PALMITATE,SQUALANE
ISOPROPYL PALMITATE,CETEARYL ALCOHOL
ISOSTEARYL ISOSTEARATE,ISOPROPYL ISOSTEARATE
ISOSTEARYL ISOSTEARATE,ETHYLHEXYL ISOSTEARATE
JOJOBA ESTERS,SQUALANE
JOJOBA ESTERS,CAPRYLIC CAPRIC TRIGLYCERIDE
KAOLIN,BENTONITE
KOJIC ACID,NIACINAMIDE
KOJIC ACID,ASCORBIC ACID
KOJIC ACID,ARBUTIN
KOJIC DIPALMITATE,ALPHAARBUTIN
KOJIC DIPALMITATE,ASCORBIC ACID
LACTIC ACID,GLYCOLIC ACID
LACTIC ACID,CITRIC ACID
LACTIC ACID,MALIC ACID
LACTOBACILLUS FERMENT,SACCHAROMYCES FERMENT
LANOLIN,GLYCERIN
LAURAMIDE DEA,COCAMIDE DEA
LAURAMIDE DEA,DECYL GLUCOSIDE
LAURAMIDOPROPYL BETAINE,COCAMIDOPROPYL BETAINE
LAURAMIDOPROPYL BETAINE,DECYL GLUCOSIDE
LAURAMIDOPROPYL BETAINE,SODIUM LAUROYL SARCOSINATE
LAURAMINE OXIDE,COCAMIDOPROPYL BETAINE
LAURAMINE OXIDE,SODIUM LAUROYL SARCOSINATE
LAURAMINE OXIDE,DECYL GLUCOSIDE
LAURETH-23,LAURYL GLUCOSIDE
LAURETH-23,POLYGLYCERYL2 DIPOLYHYDROXYSTEARATE
LAURETH-23,CETEARYL GLUCOSIDE
LAURETH-3,LAURETH1
LAURETH-3,LAURETH2
LAURETH-3,COCOGLUCOSIDE
LAURETH-3,DECYL GLUCOSIDE
LAURETH-3,SUCROSE COCOATE
LAURETH-4,POLYGLYCERYL2 DIPOLYHYDROXYSTEARATE
LAURETH-4,POLYGLYCERYL3 DIISOSTEARATE
LAURETH-9,COCOGLUCOSIDE
LAURETH-9,DECYL GLUCOSIDE
LAURETH-9,LAURYL GLUCOSIDE
LAURETH-9,SUCROSE COCOATE
LAURETH-9,CAPRYLYL CAPRYL GLUCOSIDE
LAURIC ACID,STEARIC ACID
LAURIC ACID,GLYCERYL STEARATE
LAURIC ACID,CETYL ALCOHOL
LAUROYL LYSINE,STEAROYL LEUCINE
LAUROYL LYSINE,STEAROYL GLUTAMIC ACID
LAUROYL LYSINE,ALOE BARBADENSIS LEAF EXTRACT
LAURYL BETAINE,COCAMIDOPROPYL BETAINE
LAURYL BETAINE,SODIUM LAURYL SULFOACETATE
LAURYL BETAINE,DECYL GLUCOSIDE
LAURYL GLUCOSIDE,DECYL GLUCOSIDE
LAURYL GLUCOSIDE,COCOGLUCOSIDE
LAURYL HYDROXYSULTAINE,COCAMIDOPROPYL BETAINE
LAURYL HYDROXYSULTAINE,DECYL GLUCOSIDE
LAVANDULA ANGUSTIFOLIA OIL,SYNTHETIC JOJOBA OIL
LECITHIN,HYDROXYPROPYL GUAR
LECITHIN,XANTHAN GUM
LONICERA JAPONICA FLOWER EXTRACT,CALENDULA OFFICINALIS EXTRACT
MACADAMIA TERNIFOLIA SEED OIL,HYDROGENATED JOJOBA OIL
MACADAMIA TERNIFOLIA SEED OIL,HYDROGENATED SWEET ALMOND OIL
MAGNESIUM ALUMINUM SILICATE,KAOLIN
MAGNESIUM ALUMINUM SILICATE,BENTONITE
MAGNESIUM ALUMINUM SILICATE,XANTHAN GUM
MAGNESIUM STEARATE,TALC
MAGNESIUM STEARATE,ZINC STEARATE
MAGNESIUM STEARATE,ORYZA SATIVA STARCH
MAGNESIUM SULFATE,ZINC STEARATE
MAGNESIUM SULFATE,SALICYLIC ACID
MAGNESIUM SULFATE,SODIUM BICARBONATE
MALACHITE EXTRACT,NIACINAMIDE
MALACHITE EXTRACT,CAMELLIA SINENSIS LEAF EXTRACT
MALACHITE EXTRACT,ASCORBIC ACID
MALTODEXTRIN,ORYZA SATIVA POWDER
MALTODEXTRIN,TAPIOCA STARCH
MANGIFERA INDICA SEED BUTTER,HYDROGENATED SHEA BUTTER
MEL,HYALURONIC ACID
MEL,ALOE BARBADENSIS LEAF JUICE
MEL,LACTIC ACID
MEL EXTRACT,ALOE BARBADENSIS EXTRACT
MELALEUCA ALTERNIFOLIA LEAF OIL,LAVANDULA ANGUSTIFOLIA OIL
MENTHA PIPERITA OIL,LAVANDULA ANGUSTIFOLIA OIL
MENTHA PIPERITA OIL,ANTHEMIS NOBILIS FLOWER OIL
MENTHYL LACTATE,MENTHOL
METHYL METHACRYLATE CROSSPOLYMER,ACRYLATES ETHYLHEXYL ACRYLATE COPOLYMER
METHYL TRIMETHICONE,DIMETHICONE
METHYL TRIMETHICONE,CAPRYLIC CAPRIC TRIGLYCERIDE
METHYL TRIMETHICONE,SQUALANE
METHYLENE BIS-BENZOTRIAZOLYL TETRAMETHYLBUTYLPHENOL,ZINC OXIDE
METHYLENE BIS-BENZOTRIAZOLYL TETRAMETHYLBUTYLPHENOL,TITANIUM DIOXIDE
METHYLISOTHIAZOLINONE,PHENOXYETHANOL
METHYLISOTHIAZOLINONE,CAPRYLYL GLYCOL
METHYLISOTHIAZOLINONE,SORBIC ACID
METHYLPARABEN,CAPRYLYL GLYCOL
METHYLPARABEN,PHENOXYETHANOL
METHYLPARABEN,POTASSIUM SORBATE
METHYLPROPANEDIOL,PROPANEDIOL
METHYLPROPANEDIOL,BUTYL ETHYL PROPANEDIOL
MICROCRYSTALLINE CELLULOSE,BAMBUSA VULGARIS EXTRACT
MIPA-LAURETH SULFATE,COCAMIDOPROPYL BETAINE
MIPA-LAURETH SULFATE,SODIUM LAUROYL SARCOSINATE
MIPA-LAURETH SULFATE,DECYL GLUCOSIDE
MONTMORILLONITE,KAOLIN
MORINGA OLEIFERA SEED OIL,SYNTHETIC JOJOBA OIL
MORUS ALBA ROOT EXTRACT,KOJIC ACID
MUSA SAPIENTUM FRUIT EXTRACT,PYRUS MALUS FRUIT EXTRACT
MUSA SAPIENTUM FRUIT EXTRACT,PRUNUS ARMENIACA FRUIT EXTRACT
MYRISTIC ACID,STEARIC ACID
MYRISTIC ACID,OLEIC ACID
MYRISTIC ACID,LAURIC ACID
MYRISTYL ALCOHOL,CETYL ALCOHOL
MYRISTYL ALCOHOL,STEARYL ALCOHOL
MYRISTYL ALCOHOL,SYNTHETIC JOJOBA OIL
NASTURTIUM OFFICINALE EXTRACT,ALOE BARBADENSIS LEAF JUICE
NEOPENTYL GLYCOL DIETHYLHEXANOATE,CAPRYLIC CAPRIC TRIGLYCERIDE
NEOPENTYL GLYCOL DIETHYLHEXANOATE,ISOPROPYL MYRISTATE
NEOPENTYL GLYCOL DIETHYLHEXANOATE,CETYL ETHYLHEXANOATE
NIACINAMIDE,COLLAGEN
NIACINAMIDE,HYALURONIC ACID
NIGELLA SATIVA SEED OIL,ROSA RUBIGINOSA SEED OIL
NYLON-12,TALC
OCTOCRYLENE,ZINC OXIDE
OCTOCRYLENE,TITANIUM DIOXIDE
OCTYLACRYLAMIDE/ACRYLATES/BUTYLAMINOETHYL METHACRYLATE COPOLYMER,ACACIA SENEGAL GUM
OCTYLDODECYL MYRISTATE,CAPRYLIC CAPRIC TRIGLYCERIDE
OCTYLDODECYL MYRISTATE,CETEARYL ETHYLHEXANOATE
OCTYLDODECYL MYRISTATE,ISOPROPYL MYRISTATE
OCTYLDODECYL STEAROYL STEARATE,ISOSTEARYL NEOPENTANOATE
OCTYLDODECYL STEAROYL STEARATE,CETYL ETHYLHEXANOATE
OCTYLDODECYL STEAROYL STEARATE,GLYCERYL OLEATE
O-CYMEN-5-OL,TRICLOSAN
OLEA EUROPAEA FRUIT OIL,SHEA BUTTER GLYCERIDE
OLEA EUROPAEA LEAF EXTRACT,ALOE BARBADENSIS EXTRACT
OLEIC ACID,LINOLEIC ACID
OLEIC ACID,STEARIC ACID
OLETH-10,POLYSORBATE 20
OLETH-10,COCOGLUCOSIDE
OLETH-10,SODIUM COCOYL GLUTAMATE
OLETH-20,COCAMIDE MEA
OLETH-20,LAURYL GLUCOSIDE
OLETH-20,SODIUM LAURYL SULFOACETATE
OLETH-5,CETEARYL ALCOHOL
OLETH-5,POLYSORBATE 20
OLETH-5,STEARETH20
OLIGOPEPTIDE-1,ACETYL TETRAPEPTIDE9
OLIGOPEPTIDE-1,PALMITOYL OLIGOPEPTIDE
OLIGOPEPTIDE-1,HEXAPEPTIDE11
OLUS OIL,PETROLATUM
ORBIGNYA OLEIFERA SEED OIL,SYNTHETIC JOJOBA OIL
ORYZA SATIVA POWDER,KAOLIN
ORYZA SATIVA POWDER,HYDROLYZED CORN STARCH
ORYZA SATIVA STARCH,TAPIOCA STARCH
OZOKERITE,MICROCRISTALLINA CERA
PANAX GINSENG ROOT EXTRACT,CENTELLA ASIATICA EXTRACT
PANTHENOL,ACETYL GLUCOSAMINE
PANTHENOL,ALLANTOIN
PANTHENOL,UREA
PARAFFIN,OXIDIZED BEESWAX
PARAFFINUM LIQUIDUM,HYDROGENATED SHEA BUTTER
PARAFFINUM LIQUIDUM,HYDROGENATED COCONUT OIL
PARAFFINUM LIQUIDUM,HYDROGENATED JOJOBA OIL
PEARL POWDER,ORYZA SATIVA EXTRACT
PEARL POWDER,MICA
PEG/PPG-17/6 COPOLYMER,CETEARYL ALCOHOL
PEG/PPG-17/6 COPOLYMER,SORBITAN STEARATE
PEG/PPG-17/6 COPOLYMER,GLYCERYL STEARATE
PEG/PPG-18/18 DIMETHICONE,CYCLOPENTASILOXANE
PEG-10 DIMETHICONE,COCOCAPRYLATE CAPRATE
PEG-10 DIMETHICONE,BUTYLENE GLYCOL DICAPRYLATE DICAPRATE
PEG-100 STEARATE,PEG40 HYDROGENATED CASTOR OIL
PEG-100 STEARATE,ACRYLATES C1030 ALKYL ACRYLATE CROSSPOLYMER
PEG-12 DIMETHICONE,COCOCAPRYLATE CAPRATE
PEG-120 METHYL GLUCOSE DIOLEATE,COCAMIDOPROPYL BETAINE
PEG-120 METHYL GLUCOSE DIOLEATE,LAURYL BETAINE
PEG-120 METHYL GLUCOSE DIOLEATE,DECYLTETRADECETH200 BEHENATE
PEG-120 METHYL GLUCOSE DIOLEATE,GLYCERYL ISOSTEARATE
PEG-120 METHYL GLUCOSE DIOLEATE,CAPRYLIC CAPRIC GLYCERIDES
PEG-20 GLYCERYL TRIISOSTEARATE,DISODIUM LAURYL SULFOSUCCINATE
PEG-20 STEARATE,COCOGLUCOSIDE
PEG-20 STEARATE,LAURYL GLUCOSIDE
PEG-20 STEARATE,SUCROSE COCOATE
PEG-200 HYDROGENATED GLYCERYL PALMATE,CETEARYL ALCOHOL
PEG-200 HYDROGENATED GLYCERYL PALMATE,GLYCERYL STEARATE
PEG-200 HYDROGENATED GLYCERYL PALMATE,CAPRYLIC CAPRIC TRIGLYCERIDE
PEG-30 DIPOLYHYDROXYSTEARATE,PEG40 HYDROGENATED CASTOR OIL
PEG-30 DIPOLYHYDROXYSTEARATE,GLYCERYL STEARATE SE
PEG-30 DIPOLYHYDROXYSTEARATE,CETEARYL ALCOHOL
PEG-32,GLYCERIN
PEG-4,GLYCERIN
PEG-4,CAPRYLIC CAPRIC TRIGLYCERIDE
PEG-4,CETEARYL ALCOHOL
PEG-4 RAPESEEDAMIDE,COCAMIDOPROPYL BETAINE
PEG-4 RAPESEEDAMIDE,SODIUM LAURYL SULFATE
PEG-4 RAPESEEDAMIDE,DECYL GLUCOSIDE
PEG-40 HYDROGENATED CASTOR OIL,POLYSORBATE 20
PEG-40 HYDROGENATED CASTOR OIL,PEG7 GLYCERYL COCOATE
PEG-40 HYDROGENATED CASTOR OIL,CETEARETH20
PEG-40 STEARATE,COCOGLUCOSIDE
PEG-40 STEARATE,LAURYL GLUCOSIDE
PEG-40 STEARATE,SUCROSE COCOATE
PEG-400,PEG200
PEG-400,PEG100
PEG-45M,GLYCERIN
PEG-45M,CETEARYL ALCOHOL
PEG-6,GLYCERYL STEARATE
PEG-6,SORBITAN STEARATE
PEG-6,SODIUM HYALURONATE
PEG-6 CAPRYLIC/CAPRIC GLYCERIDES,PALM GLYCERIDES
PEG-60 HYDROGENATED CASTOR OIL,CETEARYL ALCOHOL
PEG-60 HYDROGENATED CASTOR OIL,SORBITAN STEARATE
PEG-60 HYDROGENATED CASTOR OIL,POLYSORBATE 60
PEG-7 GLYCERYL COCOATE,GLYCERYL OLEATE
PEG-7 GLYCERYL COCOATE,GLYCERIN
PEG-75,CETYL ALCOHOL
PEG-75,GLYCERYL STEARATE
PEG-75,JOJOBA ESTERS
PEG-75 LANOLIN,SHEA BUTTER GLYCERIDES
PEG-8 DIMETHICONE,CYCLOMETHICONE
PEG-8 DIMETHICONE,CAPRYLIC CAPRIC TRIGLYCERIDE
PEG-80 SORBITAN LAURATE,POLYSORBATE 80
PEG-80 SORBITAN LAURATE,CETEARETH20
PEG-80 SORBITAN LAURATE,GLYCERYL STEARATE
PEG-90,CETEARYL ALCOHOL
PEG-90,GLYCERYL STEARATE
PEG-90,SORBITAN STEARATE
PEG-90M,GLYCERIN
PENTAERYTHRITYL TETRA-DI-T-BUTYL HYDROXYHYDROCINNAMATE,BHA
PENTAERYTHRITYL TETRAETHYLHEXANOATE,CETYL ETHYLHEXANOATE
PENTAERYTHRITYL TETRAETHYLHEXANOATE,CAPRYLIC CAPRIC TRIGLYCERIDE
PENTAERYTHRITYL TETRAETHYLHEXANOATE,SQUALENE
PERLITE,KAOLIN
PERLITE,SILICA
PERSEA GRATISSIMA OIL,SYNTHETIC JOJOBA OIL
PETROLATUM,SQUALENE
PETROLATUM,DIMETHICONE
PETROLATUM,HYDROGENATED GRAPESEED OIL
PETROLATUM,LANOLIN ACID
PETROLATUM,HYDROGENATED SOYBEAN OIL
PHENETHYL ALCOHOL,CAPRYLHYDROXAMIC ACID
PHENETHYL ALCOHOL,BENZYL ALCOHOL
PHENETHYL ALCOHOL,ETHYLHEXYLGLYCERIN
PHENOXYETHANOL,ETHYLHEXYLGLYCERIN
PHENOXYETHANOL,SODIUM BENZOATE
PHENYL TRIMETHICONE,DIMETHICONE
PHENYLPROPANOL,GLYCERIN
PHENYLPROPANOL,BENZYL ALCOHOL
PHENYLPROPANOL,CETEARYL ALCOHOL
PHYTOSPHINGOSINE,SQUALANE
PHYTOSPHINGOSINE,HYALURONIC ACID
PIROCTONE OLAMINE,ZINC PYRITHIONE
POLOXAMER 124,CETEARETH20
POLOXAMER 124,POLYGLYCERYL3 DIISOSTEARATE
POLOXAMER 124,SORBITAN STEARATE
POLOXAMER 188,POLYSORBATE 80
POLOXAMER 188,PEG40 HYDROGENATED CASTOR OIL
POLOXAMER 188,SODIUM LAURETH SULFATE
POLOXAMER 407,POLOXAMER 101
POLOXAMER 407,POLOXAMER 105
POLOXAMER 407,POLOXAMER 108
POLOXAMER 407,POLOXAMER 122
POLOXAMER 407,POLOXAMER 124
POLOXAMER 407,POLOXAMER 123
POLYAMIDE-3,XANTHAN GUM
POLYAMIDE-3,HYDROXYETHYLCELLULOSE
POLYAMIDE-3,PECTIN
POLYETHYLENE,HYDROGENATED JOJOBA OIL
POLYETHYLENE,BAMBUSA ARUNDINACEA STEM POWDER
POLYGLYCERYL-10 LAURATE,GLYCERYL STEARATE
POLYGLYCERYL-10 LAURATE,CETEARYL OLIVATE
POLYGLYCERYL-10 LAURATE,SORBITAN OLIVATE
POLYGLYCERYL-2 TRIISOSTEARATE,GLYCERYL STEARATE
POLYGLYCERYL-2 TRIISOSTEARATE,CETEARYL ALCOHOL
POLYGLYCERYL-2 TRIISOSTEARATE,SORBITAN STEARATE
POLYGLYCERYL-2 TRIISOSTEARATE,STEARIC ACID
POLYGLYCERYL-3 DIISOSTEARATE,GLYCOL DISTEARATE
POLYGLYCERYL-3 OLEATE,POLYSORBATE 20
POLYGLYCERYL-3 OLEATE,GLYCERYL STEARATE
POLYGLYCERYL-3 POLYRICINOLEATE,QUILLAJA SAPONARIA WOOD EXTRACT
POLYGLYCERYL-3 POLYRICINOLEATE,SUCROSE STEARATE
POLYGLYCERYL-4 CAPRATE,GLYCERIN
POLYGLYCERYL-4 ISOSTEARATE,GLYCERYL STEARATE
POLYGLYCERYL-4 ISOSTEARATE,CETEARYL OLIVATE
POLYGLYCERYL-4 ISOSTEARATE,SORBITAN OLIVATE
POLYGLYCERYL-4 OLEATE,POLYSORBATE 80
POLYGLYCERYL-4 OLEATE,PEG40 HYDROGENATED CASTOR OIL
POLYGONUM MULTIFLORUM EXTRACT,BIOTIN
POLYHYDROXYSTEARIC ACID,C1215 ALKYL BENZOATE
POLYISOBUTENE,SQUALANE
POLYISOBUTENE,CAPRYLIC CAPRIC TRIGLYCERIDE
POLYISOBUTENE,SYNTHETIC JOJOBA OIL
POLYMETHYL METHACRYLATE,STYRENE ACRYLATES COPOLYMER
POLYMETHYL METHACRYLATE,POLYACRYLATE1 CROSSPOLYMER
POLYMETHYL METHACRYLATE,ACRYLATES STEARETH20 METHACRYLATE COPOLYMER
POLYMETHYLSILSESQUIOXANE,TRIMETHYLSILOXYSILICATE
POLYQUATERNIUM-10,POLYQUATERNIUM7
POLYQUATERNIUM-11,HYDROXYPROPYLTRIMONIUM HONEY
POLYQUATERNIUM-11,POLYQUATERNIUM6
POLYQUATERNIUM-11,POLYQUATERNIUM7
POLYQUATERNIUM-11,POLYQUATERNIUM10
POLYQUATERNIUM-11,HYDROXYPROPYL GUAR HYDROXYPROPYLTRIMONIUM CHLORIDE
POLYQUATERNIUM-16,BEHENTRIMONIUM CHLORIDE
POLYQUATERNIUM-16,CETYL ALCOHOL
POLYQUATERNIUM-16,POLYQUATERNIUM10
POLYQUATERNIUM-22,HYDROXYPROPYLTRIMONIUM HONEY
POLYQUATERNIUM-28,BEHENTRIMONIUM CHLORIDE
POLYQUATERNIUM-28,CETRIMONIUM CHLORIDE
POLYQUATERNIUM-28,POLYQUATERNIUM10
POLYQUATERNIUM-37,HYDROXYPROPYLTRIMONIUM HONEY
POLYQUATERNIUM-39,POLYQUATERNIUM7
POLYQUATERNIUM-39,CETRIMONIUM CHLORIDE
POLYQUATERNIUM-4,POLYQUATERNIUM6
POLYQUATERNIUM-4,POLYQUATERNIUM7
POLYQUATERNIUM-4,CHITOSAN
POLYQUATERNIUM-4,COCODIMONIUM HYDROXYPROPYL HYDROLYZED COLLAGEN
POLYQUATERNIUM-44,POLYQUATERNIUM10
POLYQUATERNIUM-44,GUAR HYDROXYPROPYLTRIMONIUM CHLORIDE
POLYQUATERNIUM-44,HYDROXYPROPYLTRIMONIUM HONEY
POLYQUATERNIUM-6,POLYQUATERNIUM7
POLYQUATERNIUM-6,POLYQUATERNIUM10
POLYQUATERNIUM-6,GUAR HYDROXYPROPYLTRIMONIUM CHLORIDE
POLYQUATERNIUM-67,POLYQUATERNIUM10
POLYQUATERNIUM-7,POLYQUATERNIUM10
POLYSORBATE 20,DECYL GLUCOSIDE
POLYSORBATE 60,CETEARETH20
POLYSORBATE 60,SORBITAN OLIVATE
POLYSORBATE 60,POLYSORBATE 80
POLYSORBATE 80,POLYSORBATE 20
POLYSORBATE 80,CETEARETH20
POLYSORBATE 80,GLYCERYL STEARATE
POLYURETHANE-35,PVP
POLYURETHANE-35,HYDROXYETHYLCELLULOSE
POLYVINYL ALCOHOL,XANTHAN GUM
POLYVINYL ALCOHOL,HYDROXYETHYLCELLULOSE
POTASSIUM CETYL PHOSPHATE,CETEARYL ALCOHOL
POTASSIUM CETYL PHOSPHATE,CETEARYL GLUCOSIDE
POTASSIUM CETYL PHOSPHATE,SORBITAN OLIVATE
POTASSIUM COCOATE,SODIUM LAURYL SULFATE
POTASSIUM COCOATE,SODIUM COCOSULFATE
POTASSIUM COCOATE,DECYL GLUCOSIDE
POTASSIUM COCOYL GLYCINATE,SODIUM COCOYL ISETHIONATE
POTASSIUM COCOYL GLYCINATE,SODIUM LAUROYL SARCOSINATE
POTASSIUM COCOYL GLYCINATE,COCAMIDOPROPYL BETAINE
POTASSIUM SORBATE,SODIUM BENZOATE
POTASSIUM SORBATE,BENZYL ALCOHOL
POTASSIUM SORBATE,PHENOXYETHANOL
PPG-14 BUTYL ETHER,ALOE VERA CALLUS EXTRACT
PPG-15 STEARYL ETHER,HYALURONIC ACID
PPG-2 HYDROXYETHYL COCAMIDE,COCAMIDE MEA
PPG-2 HYDROXYETHYL COCAMIDE,COCAMIDOPROPYL BETAINE
PPG-2 HYDROXYETHYL COCAMIDE,SODIUM COCOYL ISETHIONATE
PPG-20 METHYL GLUCOSE ETHER,GLYCERIN
PPG-20 METHYL GLUCOSE ETHER,SODIUM PCA
PPG-20 METHYL GLUCOSE ETHER,CAPRYLYL GLYCOL
PPG-26-BUTETH-26,POLYSORBATE 20
PPG-26-BUTETH-26,COCOGLUCOSIDE
PPG-26-BUTETH-26,SODIUM LAURYLGLUCOSIDES HYDROXYPROPYLSULFONATE
PPG-3 BENZYL ETHER MYRISTATE,C1215 ALKYL BENZOATE
PPG-3 BENZYL ETHER MYRISTATE,ISOPROPYL MYRISTATE
PPG-3 BENZYL ETHER MYRISTATE,COCOCAPRYLATE CAPRATE
PPG-5-CETETH-20,DIMETHICONE
PROPANEDIOL,PROPYLENE GLYCOL
PROPYLENE GLYCOL,PROPANEDIOL
PROPYLENE GLYCOL,GLYCERIN
PROPYLENE GLYCOL DICAPRYLATE/DICAPRATE,PROPYLENE GLYCOL DIOLEATE
PROPYLENE GLYCOL DICAPRYLATE/DICAPRATE,PROPYLENE GLYCOL MYRISTATE
PROPYLENE GLYCOL DICAPRYLATE/DICAPRATE,COCOCAPRYLATE CAPRATE
PROPYLENE GLYCOL DICAPRYLATE/DICAPRATE,TRIHEPTANOIN
PROPYLPARABEN,PHENOXYETHANOL
PROPYLPARABEN,ETHYLHEXYLGLYCERIN
PROPYLPARABEN,GLYCERYL CAPRYLATE
PRUNUS AMYGDALUS DULCIS OIL,HYDROGENATED JOJOBA OIL
PRUNUS ARMENIACA KERNEL OIL,HYDROGENATED SWEET ALMOND OIL
PRUNUS ARMENIACA KERNEL OIL,HYDROGENATED GRAPESEED OIL
PRUNUS ARMENIACA KERNEL OIL,HYDROGENATED JOJOBA OIL
PRUNUS ARMENIACA SEED POWDER,COLLOIDAL OATMEAL
PRUNUS ARMENIACA SEED POWDER,BAMBUSA VULGARIS EXTRACT
PUERARIA LOBATA ROOT EXTRACT,CHAMOMILLA RECUTITA FLOWER EXTRACT
PULLULAN,SODIUM HYALURONATE
PULLULAN,XANTHAN GUM
PVM/MA COPOLYMER,CARBOMER
PVM/MA COPOLYMER,HYDROXYETHYLCELLULOSE
PVM/MA COPOLYMER,POLYQUATERNIUM11
PVP,VP VA COPOLYMER
PVP,STYRENE VP COPOLYMER
PVP,VP POLYCARBAMYL POLYGLYCOL ESTER
PVP,MALTODEXTRIN VP COPOLYMER
QUATERNIUM-18,BEHENTRIMONIUM CHLORIDE
QUATERNIUM-18,POLYQUATERNIUM10
QUATERNIUM-18,CETRIMONIUM CHLORIDE
QUATERNIUM-80,CETEARYL ALCOHOL
QUATERNIUM-80,GLYCERIN
QUATERNIUM-87,POLYQUATERNIUM87
QUATERNIUM-87,HYDROXYPROPYLTRIMONIUM HONEY
QUILLAJA SAPONARIA BARK EXTRACT,ALOE BARBADENSIS EXTRACT
QUILLAJA SAPONARIA BARK EXTRACT,HYDROGENATED COCONUT OIL
RESVERATROL,ASCORBIC ACID
RESVERATROL,NIACINAMIDE
RETINOL,HYALURONIC ACID
RETINYL PALMITATE,RETINOL
RETINYL PALMITATE,BAKUCHIOL
RICINUS COMMUNIS SEED OIL,HYDROGENATED COCONUT OIL
ROSA CANINA FRUIT OIL,HYDROGENATED EVENING PRIMROSE OIL
ROSA CENTIFOLIA FLOWER EXTRACT,CHAMOMILLA RECUTITA FLOWER EXTRACT
ROSA CENTIFOLIA FLOWER EXTRACT,CALENDULA OFFICINALIS EXTRACT
ROSA DAMASCENA FLOWER EXTRACT,CHAMOMILLA RECUTITA FLOWER EXTRACT
ROSA DAMASCENA FLOWER EXTRACT,LAVANDULA ANGUSTIFOLIA OIL
ROSA DAMASCENA FLOWER EXTRACT,CALENDULA OFFICINALIS EXTRACT
ROSA DAMASCENA FLOWER OIL,HYDROGENATED JOJOBA OIL
ROSA DAMASCENA FLOWER OIL,GERANIOL
ROSA DAMASCENA FLOWER WATER,ASCORBIC ACID
SACCHAROMYCES FERMENT FILTRATE,NIACINAMIDE
SACCHAROMYCES FERMENT FILTRATE,CENTELLA ASIATICA EXTRACT
SACCHAROMYCES FERMENT FILTRATE,FERULIC ACID
SALICYLIC ACID,BENZOYL PEROXIDE
SALICYLIC ACID,ALLANTOIN
SALICYLIC ACID,GLYCOLIC ACID
SALIX ALBA BARK EXTRACT,ALOE BARBADENSIS LEAF JUICE
SALIX ALBA BARK EXTRACT,CHAMOMILLA RECUTITA FLOWER EXTRACT
SAXIFRAGA SARMENTOSA EXTRACT,CITRUS LIMON JUICE EXTRACT
SAXIFRAGA SARMENTOSA EXTRACT,ROSA DAMASCENA FLOWER WATER
SCLEROTIUM GUM,XANTHAN GUM
SCLEROTIUM GUM,PULLULAN
SCUTELLARIA BAICALENSIS ROOT EXTRACT,GLYCYRRHIZA GLABRA ROOT EXTRACT
SCUTELLARIA BAICALENSIS ROOT EXTRACT,CHAMOMILLA RECUTITA FLOWER EXTRACT
SERENOA SERRULATA FRUIT EXTRACT,HYDROGENATED PUMPKIN SEED OIL
SERICIN,HYALURONIC ACID
SERICIN,COLLAGEN
SERICIN,KERATIN
SILICA,BAMBUSA VULGARIS STEM EXTRACT
SILICA,HYDROGENATED ETHYLHEXYL OLIVATE
SILICA DIMETHYL SILYLATE,STEARIC ACID
SILICA SILYLATE,SILICA DIMETHYL SILYLATE
SIMETHICONE,CYCLOMETHICONE
SIMETHICONE,DIMETHICONE
SIMETHICONE,POLYQUATERNIUM37
SIMMONDSIA CHINENSIS SEED OIL,HYDROGENATED SWEET ALMOND OIL
SODIUM ACRYLATE/SODIUM ACRYLOYLDIMETHYL TAURATE COPOLYMER,XANTHAN GUM
SODIUM ACRYLATE/SODIUM ACRYLOYLDIMETHYL TAURATE COPOLYMER,HYDROXYETHYLCELLULOSE
SODIUM ACRYLATES COPOLYMER,ACRYLATES CROSSPOLYMER3
SODIUM ACRYLATES COPOLYMER,ACRYLATES CROSSPOLYMER4
SODIUM ACRYLATES COPOLYMER,ACRYLATES VA CROSSPOLYMER
SODIUM ACRYLATES COPOLYMER,ACRYLATES VINYL NEODECANOATE CROSSPOLYMER
SODIUM ASCORBYL PHOSPHATE,ASCORBIC ACID
SODIUM ASCORBYL PHOSPHATE,MAGNESIUM ASCORBYL PHOSPHATE
SODIUM ASCORBYL PHOSPHATE,TETRAHEXYLDECYL ASCORBATE
SODIUM BENZOATE,POTASSIUM SORBATE
SODIUM BENZOATE,BENZYL ALCOHOL
SODIUM BENZOATE,PHENOXYETHANOL
SODIUM BICARBONATE,POTASSIUM BICARBONATE
SODIUM C14-16 OLEFIN SULFONATE,SODIUM LAURYL SULFOACETATE
SODIUM CETEARYL SULFATE,AMMONIUM COCOSULFATE
SODIUM CETEARYL SULFATE,AMMONIUM MYRISTYL SULFATE
SODIUM CETEARYL SULFATE,COCOGLUCOSIDE
SODIUM CETEARYL SULFATE,DECYL GLUCOSIDE
SODIUM CHLORIDE,HYDROXYETHYLCELLULOSE
SODIUM CITRATE,SODIUM POLYASPARTATE
SODIUM CITRATE,SODIUM PHYTATE
SODIUM CITRATE,SORBIC ACID
SODIUM CITRATE,BENZOIC ACID
SODIUM COCOAMPHOACETATE,COCAMIDOPROPYL BETAINE
SODIUM COCOAMPHOACETATE,SODIUM LAURAMINOPROPIONATE
SODIUM COCOAMPHOACETATE,DISODIUM COCOAMPHODIACETATE
SODIUM COCO-SULFATE,SODIUM CETEARYL SULFATE
SODIUM COCO-SULFATE,AMMONIUM COCOSULFATE
SODIUM COCO-SULFATE,DECYL GLUCOSIDE
SODIUM COCO-SULFATE,SUCROSE COCOATE
SODIUM COCOYL APPLE AMINO ACIDS,RETINOL
SODIUM COCOYL APPLE AMINO ACIDS,SALICYLIC ACID
SODIUM COCOYL GLUTAMATE,SODIUM LAURYL SULFATE
SODIUM COCOYL GLYCINATE,SODIUM LAURYL SULFOACETATE
SODIUM COCOYL ISETHIONATE,SODIUM LAURYL SULFATE
SODIUM GLUCONATE,EDTA
SODIUM GLUCONATE,CITRIC ACID
SODIUM GLUCONATE,PHYTIC ACID
SODIUM HYALURONATE,GLYCERIN
SODIUM HYALURONATE,POLYGLUTAMIC ACID
SODIUM LACTATE,GLYCERIN
SODIUM LACTATE,HYALURONIC ACID
SODIUM LACTATE,SODIUM PCA
SODIUM LAURETH SULFATE,SODIUM COCOSULFATE
SODIUM LAURETH SULFATE,SODIUM C1416 OLEFIN SULFONATE
SODIUM LAURETH SULFATE,CAPRYLYL CAPRYL GLUCOSIDE
SODIUM LAUROAMPHOACETATE,COCOBETAINE
SODIUM LAUROAMPHOACETATE,DECYL GLUCOSIDE
SODIUM LAUROAMPHOACETATE,DISODIUM COCOAMPHODIACETATE
SODIUM LAUROYL GLUTAMATE,SODIUM COCOYL GLUTAMATE
SODIUM LAUROYL GLUTAMATE,SODIUM LAURYL SULFOACETATE
SODIUM LAUROYL METHYL ISETHIONATE,SODIUM COCOYL ISETHIONATE
SODIUM LAUROYL METHYL ISETHIONATE,SUCROSE COCOATE
SODIUM LAUROYL METHYL ISETHIONATE,LAURYL GLUCOSIDE
SODIUM LAUROYL SARCOSINATE,SODIUM COCOYL GLYCINATE
SODIUM LAUROYL SARCOSINATE,DECYL GLUCOSIDE
SODIUM LAURYL SULFATE,SODIUM LAUROYL SARCOSINATE
SODIUM LAURYL SULFATE,COCAMIDOPROPYL BETAINE
SODIUM LAURYL SULFATE,DISODIUM COCOYL GLUTAMATE
SODIUM METABISULFITE,ASCORBIC ACID
SODIUM METABISULFITE,POTASSIUM SORBATE
SODIUM METABISULFITE,PHENOXYETHANOL
SODIUM METHYL COCOYL TAURATE,COCOGLUCOSIDE
SODIUM METHYL COCOYL TAURATE,DECYL GLUCOSIDE
SODIUM METHYL COCOYL TAURATE,SUCROSE COCOATE
SODIUM METHYL OLEOYL TAURATE,COCOGLUCOSIDE
SODIUM METHYL OLEOYL TAURATE,DECYL GLUCOSIDE
SODIUM METHYL OLEOYL TAURATE,SODIUM COCOYL ISETHIONATE
SODIUM PCA,SODIUM HYALURONATE
SODIUM PCA,HYALURONIC ACID
SODIUM PCA,GLYCERIN
SODIUM POLYACRYLATE,POLYGLUTAMIC ACID
SODIUM POLYACRYLATE,SUCCINOGLYCAN
SODIUM POLYACRYLATE,SCLEROTIUM GUM
SODIUM POLYACRYLOYLDIMETHYL TAURATE,CARBOMER
SODIUM POLYACRYLOYLDIMETHYL TAURATE,XANTHAN GUM
SODIUM POLYGLUTAMATE,HYALURONIC ACID
SODIUM POLYGLUTAMATE,GLYCERIN
SODIUM POLYGLUTAMATE,SODIUM HYALURONATE
SODIUM STEAROYL GLUTAMATE,DISODIUM CAPRYLOYL GLUTAMATE
SODIUM STEAROYL GLUTAMATE,SODIUM COCOYL GLUTAMATE
SODIUM STEAROYL GLUTAMATE,SODIUM LAUROYL GLUTAMATE
SODIUM TRIDECETH SULFATE,SODIUM LAURYL SULFATE
SODIUM TRIDECETH SULFATE,SODIUM COCOYL ISETHIONATE
SOLANUM LYCOPERSICUM FRUIT EXTRACT,CUCUMIS SATIVUS FRUIT EXTRACT
SOLANUM LYCOPERSICUM FRUIT EXTRACT,VACCINIUM MACROCARPON FRUIT EXTRACT
SOLANUM LYCOPERSICUM FRUIT EXTRACT,CITRUS LIMON FRUIT EXTRACT
SOLUBLE COLLAGEN,HYALURONIC ACID
SORBETH-30 TETRAOLEATE,POLYSORBATE 20
SORBETH-30 TETRAOLEATE,POLYSORBATE 21
SORBETH-30 TETRAOLEATE,PEG40 HYDROGENATED CASTOR OIL
SORBETH-30 TETRAOLEATE,PEG20 GLYCERYL TRIISOSTEARATE
SORBITAN CAPRYLATE,SORBITAN OLIVATE
SORBITAN CAPRYLATE,SORBITAN DISTEARATE
SORBITAN CAPRYLATE,CAPRYLIC CAPRIC TRIGLYCERIDE
SORBITAN CAPRYLATE,ETHYLHEXYL PALMITATE
SORBITAN ISOSTEARATE,POLYSORBATE 60
SORBITAN ISOSTEARATE,GLYCERYL STEARATE
SORBITAN ISOSTEARATE,CETEARYL ALCOHOL
SORBITAN LAURATE,GLYCERYL STEARATE
SORBITAN LAURATE,CETEARYL ALCOHOL
SORBITAN LAURATE,POLYSORBATE 20
SORBITAN OLEATE,SORBITAN LAURATE
SORBITAN OLEATE,SORBITAN PALMITATE
SORBITAN OLEATE,CAPRYLIC CAPRIC TRIGLYCERIDE
SORBITAN OLEATE,ISOPROPYL MYRISTATE
SORBITAN OLIVATE,GLYCERYL OLEATE
SORBITAN OLIVATE,CETEARYL OLIVATE
SORBITAN OLIVATE,POLYGLYCERYL3 STEARATE
SORBITAN SESQUIOLEATE,POLYSORBATE 80
SORBITAN SESQUIOLEATE,CETEARYL OLIVATE
SORBITAN SESQUIOLEATE,GLYCERYL STEARATE
SORBITAN STEARATE,CETEARYL ALCOHOL
SORBITAN STEARATE,GLYCERYL STEARATE
SORBITAN STEARATE,CETYL ALCOHOL
SORBITOL,GLYCERIN
SORBITOL,XYLITOL
SQUALANE,SYNTHETIC JOJOBA OIL
STEARAMIDOPROPYL DIMETHYLAMINE,OLEAMIDOPROPYL DIMETHYLAMINE
STEARAMIDOPROPYL DIMETHYLAMINE,PALMITAMIDOPROPYL DIMETHYLAMINE
STEARAMIDOPROPYL DIMETHYLAMINE,LAURAMIDOPROPYL DIMETHYLAMINE
STEARETH-2,LAURETH2
STEARETH-20,LAURETH4
STEARETH-20,STEARETH2
STEARETH-20,RHAMNOLIPIDS
STEARETH-21,LAURETH21
STEARIC ACID,CETYL ALCOHOL
STEARIC ACID,CETEARYL ALCOHOL
STEARTRIMONIUM CHLORIDE,CETRIMONIUM CHLORIDE
STEARTRIMONIUM CHLORIDE,CETRIMONIUM BROMIDE
STYRENE/ACRYLATES COPOLYMER,NITROCELLULOSE
SUCROSE,BAMBUSA VULGARIS EXTRACT
SUCROSE STEARATE,GLYCERYL STEARATE
SUCROSE STEARATE,CETEARYL GLUCOSIDE
SUCROSE STEARATE,SORBITAN STEARATE
SYNTHETIC BEESWAX,HYDROLYZED CARNAUBA WAX
SYNTHETIC BEESWAX,HYDROLYZED CANDELILLA WAX
SYNTHETIC FLUORPHLOGOPITE,MICA
SYNTHETIC WAX,SYNTHETIC CARNAUBA
SYNTHETIC WAX,SYNTHETIC CANDELILLA WAX
SYNTHETIC WAX,SYNTHETIC BEESWAX
TALC,SILICA
TALC,ZINC OXIDE
TAPIOCA STARCH,HYDROLYZED CORN STARCH
TAPIOCA STARCH,ORYZA SATIVA STARCH
TEA-DODECYLBENZENESULFONATE,COCOBETAINE
TEA-DODECYLBENZENESULFONATE,COCOGLUCOSIDE
TEA-LAURYL SULFATE,SODIUM LAURYL SULFATE
TEA-LAURYL SULFATE,COCAMIDOPROPYL BETAINE
TEA-LAURYL SULFATE,SODIUM COCOSULFATE
TERMINALIA FERDINANDIANA FRUIT EXTRACT,ASTAXANTHIN
TERMINALIA FERDINANDIANA FRUIT EXTRACT,CURCUMIN
TETRASODIUM EDTA,CITRIC ACID
TETRASODIUM EDTA,SODIUM PHYTATE
TETRASODIUM EDTA,GLUCONIC ACID
TETRASODIUM GLUTAMATE DIACETATE,TRISODIUM ETHYLENEDIAMINE DISUCCINATE
TETRASODIUM GLUTAMATE DIACETATE,EDTA
THEOBROMA CACAO SEED BUTTER,HYDROGENATED SHEA BUTTER
THIOGLYCOLIC ACID,GLYCOLIC ACID
THIOGLYCOLIC ACID,UREA
THIOGLYCOLIC ACID,AMMONIUM THIOGLYCOLATE
TITANIUM DIOXIDE,CALCIUM CARBONATE
TITANIUM DIOXIDE,ZEA MAYS STARCH
TITANIUM DIOXIDE,ORYZA SATIVA STARCH
TOCOPHEROL,ROSMARINUS OFFICINALIS EXTRACT
TOCOPHERYL ACETATE,ASCORBYL PALMITATE
TOCOPHERYL ACETATE,RETINYL PALMITATE
TRANEXAMIC ACID,RETINOL
TRANEXAMIC ACID,AZELAIC ACID
TREHALOSE,GLYCERIN
TRIBEHENIN,TRIHEPTANOIN
TRIBEHENIN,TRICAPRIN
TRIBEHENIN,CAMELLIA SEED OIL
TRICAPRIN,CAPRYLIC CAPRIC TRIGLYCERIDE
TRICAPRIN,CETYL PALMITATE
TRICAPRIN,SQUALANE
TRIDECETH-10,GLYCERYL STEARATE
TRIDECETH-10,POLYSORBATE 20
TRIDECETH-10,CETEARYL ALCOHOL
TRIDECETH-12,GLYCERYL STEARATE
TRIDECETH-12,POLYQUATERNIUM10
TRIDECETH-12,CETEARYL ALCOHOL
TRIDECETH-6,CETEARETH20
TRIDECETH-6,GLYCERYL STEARATE
TRIDECETH-9,DISODIUM LAURETH SULFOSUCCINATE
TRIETHANOLAMINE,XANTHAN GUM
TRIETHOXYCAPRYLYLSILANE,BIS STEAROXYDIMETHYLSILANE
TRIETHOXYCAPRYLYLSILANE,STEAROXYTRIMETHYLSILANE
TRIETHOXYCAPRYLYLSILANE,TRIMETHOXYCAPRYLYLSILANE
TRIETHYL CITRATE,BUTYLENE GLYCOL
TRIETHYL CITRATE,GLYCERYL CITRATE LACTATE LINOLEATE OLEATE
TRIETHYLHEXANOIN,CYCLOMETHICONE
TRIHEPTANOIN,CAPRYLIC CAPRIC TRIGLYCERIDE
TRIHEPTANOIN,CETYL ETHYLHEXANOATE
TRIHEPTANOIN,ISOPROPYL MYRISTATE
TRIHYDROXYSTEARIN,POLYHYDROXYSTEARIC ACID
TRIHYDROXYSTEARIN,POLYGLYCERYL3 DIISOSTEARATE
TRIHYDROXYSTEARIN,HYDROXYSTEARIC LINOLENIC OLEIC POLYGLYCERIDES
TRIISOSTEARIN,CAPRYLIC CAPRIC TRIGLYCERIDE
TRIMETHYL PENTANYL DIISOBUTYRATE,BUTYL ACETATE
TRIMETHYL PENTANYL DIISOBUTYRATE,ETHYL ACETATE
TRIMETHYL PENTANYL DIISOBUTYRATE,TRIPHENYL PHOSPHATE
TRIMETHYLSILOXYSILICATE,POLYMETHYLSILSESQUIOXANE
TRISILOXANE,COCOCAPRYLATE CAPRATE
TRISILOXANE,BUTYLENE GLYCOL DICAPRYLATE DICAPRATE
TRISODIUM ETHYLENEDIAMINE DISUCCINATE,SODIUM CITRATE
TRISODIUM ETHYLENEDIAMINE DISUCCINATE,GLUCONIC ACID
TRISODIUM ETHYLENEDIAMINE DISUCCINATE,CITRIC ACID
TRITICUM VULGARE GERM OIL,ALOE BARBADENSIS EXTRACT
TRITICUM VULGARE GERM OIL,HYDROGENATED COCONUT OIL
UBIQUINONE,ASCORBIC ACID
UBIQUINONE,RETINOL
UREA,GLYCERIN
UREA,HYALURONIC ACID
UREA,LACTIC ACID
VACCINIUM MYRTILLUS FRUIT EXTRACT,HYDROGENATED CRANBERRY SEED OIL
VP/EICOSENE COPOLYMER,DIMETHICONE
VP/EICOSENE COPOLYMER,POLYQUATERNIUM11
VP/VA COPOLYMER,ACRYLATES DIMETHICONE COPOLYMER
XANTHAN GUM,GUAR HYDROXYPROPYLTRIMONIUM CHLORIDE
XANTHAN GUM,HYDROXYETHYLCELLULOSE
XANTHAN GUM,ACACIA SENEGAL GUM
XANTHOPHYLL,ASTAXANTHIN
XANTHOPHYLL,LYCOPENE
XANTHOPHYLL,RESVERATROL
ZEA MAYS STARCH,HYDROLYZED WHEAT STARCH
ZINC GLUCONATE,SODIUM ASCORBYL PHOSPHATE
ZINC GLUCONATE,NIACINAMIDE
ZINC GLUCONATE,SALICYLIC ACID
ZINC OXIDE,TITANIUM DIOXIDE
ZINC OXIDE,CI 77491
ZINC PCA,ZINC PYRITHIONE
ZINC PCA,ZINC OXIDE
ZINC PYRITHIONE,KETOCONAZOLE
ZINC PYRITHIONE,SELENIUM SULFIDE
ZINGIBER OFFICINALE ROOT EXTRACT,CHAMOMILLA RECUTITA FLOWER EXTRACT
ZINGIBER OFFICINALE ROOT EXTRACT,CALENDULA OFFICINALIS EXTRACT
